{
  "name": "boost-mpi",
  "version-string": "1.75.0",
  "description": "Boost mpi module",
  "homepage": "https://github.com/boostorg/mpi",
  "dependencies": [
    "boost-assert",
    "boost-build",
    "boost-compatibility",
    "boost-config",
    "boost-core",
    "boost-foreach",
    "boost-function",
    "boost-graph",
    "boost-integer",
    "boost-iterator",
    "boost-lexical-cast",
    "boost-math",
    "boost-modular-build-helper",
    "boost-mpl",
    "boost-optional",
    {
      "name": "boost-python",
      "platform": "!uwp & !(arm & windows) & !emscripten"
    },
    "boost-serialization",
    "boost-smart-ptr",
    "boost-static-assert",
    "boost-throw-exception",
    "boost-type-traits",
    "boost-utility",
    "boost-vcpkg-helpers",
    "mpi"
  ]
}
