{
  "name": "boost-date-time",
  "version-string": "1.75.0",
  "description": "Boost date_time module",
  "homepage": "https://github.com/boostorg/date_time",
  "dependencies": [
    "boost-algorithm",
    "boost-assert",
    "boost-build",
    "boost-compatibility",
    "boost-config",
    "boost-core",
    "boost-detail",
    "boost-integer",
    "boost-io",
    "boost-lexical-cast",
    "boost-math",
    "boost-modular-build-helper",
    "boost-numeric-conversion",
    "boost-range",
    "boost-smart-ptr",
    "boost-static-assert",
    "boost-throw-exception",
    "boost-tokenizer",
    "boost-type-traits",
    "boost-utility",
    "boost-vcpkg-helpers",
    "boost-winapi"
  ]
}
