{
  "name": "boost-log",
  "version-string": "1.75.0",
  "description": "Boost log module",
  "homepage": "https://github.com/boostorg/log",
  "supports": "!uwp & !emscripten",
  "dependencies": [
    "boost-align",
    "boost-array",
    {
      "name": "boost-asio",
      "platform": "!emscripten"
    },
    "boost-assert",
    "boost-atomic",
    "boost-bind",
    "boost-build",
    "boost-compatibility",
    "boost-config",
    "boost-container",
    "boost-core",
    "boost-date-time",
    "boost-detail",
    "boost-exception",
    {
      "name": "boost-filesystem",
      "platform": "!uwp"
    },
    "boost-function-types",
    "boost-fusion",
    "boost-integer",
    "boost-interprocess",
    "boost-intrusive",
    "boost-io",
    "boost-iterator",
    "boost-lexical-cast",
    {
      "name": "boost-locale",
      "platform": "!uwp"
    },
    "boost-math",
    "boost-modular-build-helper",
    "boost-move",
    "boost-mpl",
    "boost-optional",
    "boost-parameter",
    "boost-phoenix",
    "boost-predef",
    "boost-preprocessor",
    "boost-property-tree",
    "boost-proto",
    "boost-random",
    "boost-range",
    "boost-regex",
    "boost-smart-ptr",
    "boost-spirit",
    "boost-static-assert",
    "boost-system",
    "boost-thread",
    "boost-throw-exception",
    "boost-type-index",
    "boost-type-traits",
    "boost-utility",
    "boost-vcpkg-helpers",
    "boost-winapi",
    "boost-xpressive"
  ]
}
