{
  "name": "boost-wave",
  "version-string": "1.75.0",
  "description": "Boost wave module",
  "homepage": "https://github.com/boostorg/wave",
  "supports": "!uwp",
  "dependencies": [
    "boost-assert",
    "boost-build",
    "boost-concept-check",
    "boost-config",
    "boost-core",
    "boost-detail",
    {
      "name": "boost-filesystem",
      "platform": "!uwp"
    },
    "boost-integer",
    "boost-iterator",
    "boost-lexical-cast",
    "boost-math",
    "boost-modular-build-helper",
    "boost-mpl",
    "boost-multi-index",
    "boost-optional",
    "boost-pool",
    "boost-preprocessor",
    "boost-serialization",
    "boost-smart-ptr",
    "boost-spirit",
    "boost-static-assert",
    "boost-throw-exception",
    "boost-type-traits",
    "boost-vcpkg-helpers"
  ]
}
