{
  "name": "boost-flyweight",
  "version-string": "1.75.0",
  "description": "Boost flyweight module",
  "homepage": "https://github.com/boostorg/flyweight",
  "dependencies": [
    "boost-assert",
    "boost-config",
    "boost-core",
    "boost-detail",
    "boost-functional",
    "boost-interprocess",
    "boost-mpl",
    "boost-multi-index",
    "boost-parameter",
    "boost-preprocessor",
    "boost-serialization",
    "boost-throw-exception",
    "boost-type-traits",
    "boost-utility",
    "boost-vcpkg-helpers"
  ]
}
