{
  "name": "boost-type-erasure",
  "version-string": "1.75.0",
  "description": "Boost type_erasure module",
  "homepage": "https://github.com/boostorg/type_erasure",
  "dependencies": [
    "boost-assert",
    "boost-build",
    "boost-config",
    "boost-detail",
    "boost-fusion",
    "boost-iterator",
    "boost-modular-build-helper",
    "boost-mp11",
    "boost-mpl",
    "boost-preprocessor",
    "boost-smart-ptr",
    "boost-thread",
    "boost-throw-exception",
    "boost-type-traits",
    "boost-typeof",
    "boost-utility",
    "boost-vcpkg-helpers",
    "boost-vmd"
  ]
}
