{
  "name": "flashlight-cuda",
  "version-string": "20210111",
  "description": "A C++ standalone library for machine learning. CUDA backend.",
  "homepage": "https://github.com/facebookresearch/flashlight",
  "supports": "!(windows | osx)",
  "default-features": [
    "fl"
  ],
  "features": {
    "asr": {
      "description": "flashlight asr app",
      "dependencies": [
        {
          "name": "flashlight-cuda",
          "features": [
            "fl",
            "lib"
          ]
        },
        "gflags",
        "libsndfile"
      ]
    },
    "fl": {
      "description": "flashlight core autograd and neural net library",
      "dependencies": [
        {
          "name": "arrayfire",
          "default-features": false,
          "features": [
            "cuda"
          ]
        },
        "cereal",
        "cuda",
        "cudnn",
        "nccl",
        "openmpi",
        "stb"
      ]
    },
    "imgclass": {
      "description": "flashlight image classification app",
      "dependencies": [
        {
          "name": "flashlight-cuda",
          "features": [
            "fl",
            "lib"
          ]
        },
        "gflags"
      ]
    },
    "lib": {
      "description": "flashlight libraries",
      "dependencies": [
        "cub",
        "fftw3",
        "intel-mkl",
        "kenlm"
      ]
    },
    "lm": {
      "description": "flashlight lm app",
      "dependencies": [
        {
          "name": "flashlight-cuda",
          "features": [
            "fl",
            "lib"
          ]
        },
        "gflags"
      ]
    }
  }
}
