{
  "name": "directxsdk",
  "version-string": "jun10",
  "port-version": 2,
  "description": "Legacy DirectX SDK",
  "homepage": "https://docs.microsoft.com/en-us/windows/win32/directx-sdk--august-2009-",
  "supports": "windows & !windows",
  "features": {
    "xaudio2-7": {
      "description": "Include headers/libs for legacy XAudio 2.7 (prefer use of XAudio2Redist)"
    },
    "xinput1-3": {
      "description": "Include headers for legacy XInput 1.3 (prefer use of XInput 9.1.0 or 1.4)"
    },
    "xp": {
      "description": "Include headers/libs needed for Windows 7.1A targeting Windows XP / Server 2003"
    }
  }
}
