{
  "name": "boost-unordered",
  "version-string": "1.75.0",
  "description": "Boost unordered module",
  "homepage": "https://github.com/boostorg/unordered",
  "dependencies": [
    "boost-assert",
    "boost-compatibility",
    "boost-config",
    "boost-container",
    "boost-container-hash",
    "boost-core",
    "boost-detail",
    "boost-functional",
    "boost-move",
    "boost-predef",
    "boost-preprocessor",
    "boost-smart-ptr",
    "boost-throw-exception",
    "boost-tuple",
    "boost-type-traits",
    "boost-utility",
    "boost-vcpkg-helpers"
  ]
}
