{
  "name": "hazelcast-cpp-client",
  "version-semver": "4.0.0",
  "description": "C++ client library for Hazelcast in-memory database.",
  "homepage": "https://github.com/hazelcast/hazelcast-cpp-client",
  "documentation": "http://hazelcast.github.io/hazelcast-cpp-client/index.html",
  "supports": "!uwp",
  "dependencies": [
    "boost-any",
    "boost-asio",
    "boost-chrono",
    "boost-format",
    "boost-optional",
    "boost-property-tree",
    "boost-system",
    "boost-thread",
    "boost-uuid"
  ],
  "features": {
    "example": {
      "description": "Build examples for Hazelcast C++ client"
    },
    "openssl": {
      "description": "Build hazelcast C++ client with SSL support",
      "dependencies": [
        "openssl"
      ]
    }
  }
}
