{
  "name": "boost-serialization",
  "version-string": "1.75.0",
  "description": "Boost serialization module",
  "homepage": "https://github.com/boostorg/serialization",
  "dependencies": [
    "boost-array",
    "boost-assert",
    "boost-build",
    "boost-compatibility",
    "boost-config",
    "boost-core",
    "boost-detail",
    "boost-function",
    "boost-integer",
    "boost-io",
    "boost-iterator",
    "boost-modular-build-helper",
    "boost-move",
    "boost-mpl",
    "boost-optional",
    "boost-predef",
    "boost-preprocessor",
    "boost-smart-ptr",
    "boost-spirit",
    "boost-static-assert",
    "boost-type-traits",
    "boost-unordered",
    "boost-utility",
    "boost-variant",
    "boost-vcpkg-helpers"
  ]
}
