{
  "name": "ceres",
  "version-semver": "2.0.0",
  "port-version": 3,
  "description": "non-linear optimization package",
  "homepage": "https://github.com/ceres-solver/ceres-solver",
  "dependencies": [
    "eigen3",
    "glog"
  ],
  "features": {
    "cxsparse": {
      "description": "CXSparse support for Ceres",
      "dependencies": [
        {
          "name": "suitesparse",
          "default-features": false
        }
      ]
    },
    "eigensparse": {
      "description": "Use of Eigen as a sparse linear algebra library in Ceres"
    },
    "lapack": {
      "description": "Use Lapack in Ceres",
      "dependencies": [
        "lapack"
      ]
    },
    "suitesparse": {
      "description": "SuiteSparse support for Ceres",
      "dependencies": [
        {
          "name": "ceres",
          "features": [
            "lapack"
          ]
        },
        {
          "name": "suitesparse",
          "default-features": false
        }
      ]
    },
    "tools": {
      "description": "Ceres tools",
      "dependencies": [
        "gflags"
      ]
    }
  }
}
