{
  "name": "boost-chrono",
  "version-string": "1.75.0",
  "description": "Boost chrono module",
  "homepage": "https://github.com/boostorg/chrono",
  "dependencies": [
    "boost-assert",
    "boost-build",
    "boost-config",
    "boost-detail",
    "boost-integer",
    "boost-modular-build-helper",
    "boost-move",
    "boost-mpl",
    "boost-predef",
    "boost-ratio",
    "boost-static-assert",
    "boost-system",
    "boost-throw-exception",
    "boost-type-traits",
    "boost-typeof",
    "boost-utility",
    "boost-vcpkg-helpers",
    "boost-winapi"
  ]
}
