{
  "name": "cairo",
  "version-string": "1.16.0",
  "port-version": 9,
  "description": "Cairo is a 2D graphics library with support for multiple output devices. Currently supported output targets include the X Window System (via both Xlib and XCB), Quartz, Win32, image buffers, PostScript, PDF, and SVG file output. Experimental backends include OpenGL, BeOS, OS/2, and DirectFB.",
  "homepage": "https://cairographics.org",
  "dependencies": [
    "libpng",
    "pixman",
    "zlib"
  ],
  "default-features": [
    "freetype"
  ],
  "features": {
    "freetype": {
      "description": "use the freetype font backend",
      "dependencies": [
        "fontconfig",
        "freetype"
      ]
    },
    "gobject": {
      "description": "build gobject module",
      "dependencies": [
        "glib"
      ]
    },
    "x11": {
      "description": "build with x11 support"
    }
  }
}
