{
  "name": "cpprestsdk",
  "version-string": "2.10.18",
  "description": [
    "C++11 JSON, REST, and OAuth library",
    "The C++ REST SDK is a Microsoft project for cloud-based client-server communication in native code using a modern asynchronous C++ API design. This project aims to help C++ developers connect to and interact with services."
  ],
  "homepage": "https://github.com/Microsoft/cpprestsdk",
  "dependencies": [
    {
      "name": "boost-asio",
      "platform": "!uwp & !windows"
    },
    {
      "name": "boost-chrono",
      "platform": "!uwp & !windows"
    },
    {
      "name": "boost-date-time",
      "platform": "!uwp & !windows"
    },
    {
      "name": "boost-filesystem",
      "platform": "!uwp & !windows"
    },
    {
      "name": "boost-random",
      "platform": "!uwp & !windows"
    },
    {
      "name": "boost-regex",
      "platform": "!uwp & !windows"
    },
    {
      "name": "boost-system",
      "platform": "!uwp & !windows"
    },
    {
      "name": "boost-thread",
      "platform": "!uwp & !windows"
    },
    {
      "name": "openssl",
      "platform": "!uwp & !windows"
    }
  ],
  "default-features": [
    "default-features"
  ],
  "features": {
    "brotli": {
      "description": "Brotli compression support",
      "dependencies": [
        "brotli",
        {
          "name": "cpprestsdk",
          "default-features": false,
          "features": [
            "compression"
          ]
        }
      ]
    },
    "compression": {
      "description": "HTTP Compression support",
      "dependencies": [
        "zlib"
      ]
    },
    "default-features": {
      "description": "Features installed by default",
      "dependencies": [
        {
          "name": "cpprestsdk",
          "default-features": false,
          "features": [
            "compression"
          ]
        },
        {
          "name": "cpprestsdk",
          "features": [
            "brotli"
          ],
          "platform": "windows"
        }
      ]
    },
    "websockets": {
      "description": "Websockets support",
      "dependencies": [
        {
          "name": "boost-date-time",
          "platform": "!uwp"
        },
        {
          "name": "boost-regex",
          "platform": "!uwp"
        },
        {
          "name": "boost-system",
          "platform": "!uwp"
        },
        {
          "name": "cpprestsdk",
          "default-features": false,
          "features": [
            "compression"
          ]
        },
        {
          "name": "openssl",
          "platform": "!uwp"
        },
        {
          "name": "websocketpp",
          "platform": "!uwp"
        }
      ]
    }
  }
}
