{
  "name": "boost-interprocess",
  "version-string": "1.75.0",
  "description": "Boost interprocess module",
  "homepage": "https://github.com/boostorg/interprocess",
  "dependencies": [
    "boost-assert",
    "boost-compatibility",
    "boost-config",
    "boost-container",
    "boost-core",
    "boost-date-time",
    "boost-detail",
    "boost-integer",
    "boost-intrusive",
    "boost-move",
    "boost-static-assert",
    "boost-type-traits",
    "boost-unordered",
    "boost-utility",
    "boost-vcpkg-helpers",
    "boost-winapi"
  ]
}
